{
    "bossAttack": {
        "AllScale Max": [
            0.0,
            0.0,
            0.0
        ],
        "AllScale Min": [
            0.0,
            0.0,
            0.0
        ],
        "Emit rotation": [
            0.0,
            0.0,
            0.0
        ],
        "Emit scale": [
            1.0,
            1.0,
            1.0
        ],
        "Emit translation": [
            0.0,
            0.0,
            0.0
        ],
        "Particle EndAcce": [
            0.0,
            1.0700000524520874,
            0.0
        ],
        "Particle EndRote": [
            0.0,
            0.0,
            0.0
        ],
        "Particle EndScale": [
            0.0,
            0.0,
            0.0
        ],
        "Particle StartAcce": [
            1.0800000429153442,
            1.0099999904632568,
            1.0800000429153442
        ],
        "Particle StartRote": [
            0.0,
            0.0,
            0.0
        ],
        "Particle StartScale": [
            1.0,
            1.0,
            1.0
        ],
        "RotationVelo Max": [
            0.029999999329447746,
            0.029999999329447746,
            0.029999999329447746
        ],
        "RotationVelo Min": [
            -0.029999999329447746,
            -0.029999999329447746,
            -0.029999999329447746
        ],
        "Scale Max": 1.0,
        "Scale Min": 0.5,
        "alphaMax": 1.0,
        "alphaMin": 0.6000000238418579,
        "count": 20,
        "emitFrequency": 0.10000000149011612,
        "isAcceMultiply": true,
        "isAllRamdomScale": false,
        "isBillBoard": false,
        "isRamdomColor": false,
        "isRandomRotate": true,
        "isRandomScale": true,
        "isVisible": true,
        "lifeTimeMax": 1.5,
        "lifeTimeMin": 0.5,
        "maxVelocity": [
            20.0,
            1.0,
            20.0
        ],
        "minVelocity": [
            -20.0,
            1.0,
            -20.0
        ]
    }
}
