{
    "BossDeath": {
        "AllScale Max": [
            1.2000000476837158,
            1.2000000476837158,
            1.2000000476837158
        ],
        "AllScale Min": [
            0.5,
            0.5,
            0.5
        ],
        "Emit rotation": [
            0.0,
            0.0,
            0.0
        ],
        "Emit scale": [
            1.0,
            1.0,
            1.0
        ],
        "Emit translation": [
            0.0,
            0.0,
            0.0
        ],
        "Particle EndAcce": [
            0.8999999761581421,
            0.8999999761581421,
            0.8999999761581421
        ],
        "Particle EndRote": [
            0.0,
            0.0,
            0.0
        ],
        "Particle EndScale": [
            0.0,
            0.0,
            0.0
        ],
        "Particle StartAcce": [
            1.0099999904632568,
            1.0099999904632568,
            1.0099999904632568
        ],
        "Particle StartRote": [
            0.0,
            0.0,
            0.0
        ],
        "Particle StartScale": [
            1.0,
            1.0,
            1.0
        ],
        "RotationVelo Max": [
            0.05000000074505806,
            0.05000000074505806,
            0.05000000074505806
        ],
        "RotationVelo Min": [
            -0.05000000074505806,
            -0.05000000074505806,
            -0.05000000074505806
        ],
        "Scale Max": 1.0,
        "Scale Min": 0.5,
        "alphaMax": 1.0,
        "alphaMin": 0.800000011920929,
        "count": 9,
        "emitFrequency": 0.10000000149011612,
        "isAcceMultiply": true,
        "isAllRamdomScale": true,
        "isBillBoard": false,
        "isRamdomColor": false,
        "isRandomRotate": true,
        "isRandomScale": false,
        "isVisible": true,
        "lifeTimeMax": 1.100000023841858,
        "lifeTimeMin": 0.699999988079071,
        "maxVelocity": [
            5.0,
            5.0,
            5.0
        ],
        "minVelocity": [
            -5.0,
            -5.0,
            -5.0
        ]
    }
}
