{
    "break": {
        "AllScale Max": [
            0.0,
            0.0,
            0.0
        ],
        "AllScale Min": [
            0.0,
            0.0,
            0.0
        ],
        "Emit scale": [
            1.0,
            0.10000000149011612,
            1.0
        ],
        "Particle EndAcce": [
            0.0,
            0.0,
            0.0
        ],
        "Particle EndRote": [
            0.0,
            0.0,
            0.0
        ],
        "Particle EndScale": [
            0.0,
            0.0,
            0.0
        ],
        "Particle StartAcce": [
            1.0,
            1.0,
            1.0
        ],
        "Particle StartRote": [
            0.0,
            0.0,
            0.0
        ],
        "Particle StartScale": [
            1.0,
            1.0,
            1.0
        ],
        "RotationVelo Max": [
            0.07000000029802322,
            0.07000000029802322,
            0.07000000029802322
        ],
        "RotationVelo Min": [
            -0.07000000029802322,
            -0.07000000029802322,
            -0.07000000029802322
        ],
        "Scale Max": 1.0,
        "Scale Min": 0.20000000298023224,
        "alphaMax": 1.0,
        "alphaMin": 0.5,
        "count": 10,
        "emitFrequency": 0.10000000149011612,
        "isAcceMultiply": true,
        "isAllRamdomScale": false,
        "isBillBoard": false,
        "isRamdomColor": true,
        "isRandomRotate": true,
        "isRandomScale": true,
        "isVisible": true,
        "lifeTimeMax": 1.0,
        "lifeTimeMin": 1.0,
        "maxVelocity": [
            20.0,
            20.0,
            20.0
        ],
        "minVelocity": [
            -20.0,
            5.0,
            -20.0
        ]
    }
}
