{
    "Clear": {
        "AllScale Max": [
            1.0,
            1.0,
            1.0
        ],
        "AllScale Min": [
            0.20000000298023224,
            0.20000000298023224,
            0.20000000298023224
        ],
        "Emit rotation": [
            0.0,
            0.0,
            0.0
        ],
        "Emit scale": [
            9.0,
            1.0,
            1.0
        ],
        "Emit translation": [
            0.0,
            6.0,
            0.0
        ],
        "Particle EndAcce": [
            0.0,
            1.0,
            0.0
        ],
        "Particle EndRote": [
            0.0,
            0.0,
            0.0
        ],
        "Particle EndScale": [
            0.0,
            0.0,
            0.0
        ],
        "Particle StartAcce": [
            1.0,
            1.0,
            1.0
        ],
        "Particle StartRote": [
            0.0,
            0.0,
            0.0
        ],
        "Particle StartScale": [
            1.0,
            1.0,
            1.0
        ],
        "RotationVelo Max": [
            0.10000000149011612,
            0.10000000149011612,
            0.10000000149011612
        ],
        "RotationVelo Min": [
            -0.10000000149011612,
            -0.10000000149011612,
            -0.10000000149011612
        ],
        "Scale Max": 1.0,
        "Scale Min": 0.20000000298023224,
        "alphaMax": 1.0,
        "alphaMin": 1.0,
        "count": 2,
        "emitFrequency": 0.10000000149011612,
        "isAcceMultiply": true,
        "isAllRamdomScale": true,
        "isBillBoard": false,
        "isRamdomColor": true,
        "isRandomRotate": true,
        "isRandomScale": false,
        "isVisible": true,
        "lifeTimeMax": 3.0,
        "lifeTimeMin": 1.0,
        "maxVelocity": [
            1.0,
            -3.0,
            1.0
        ],
        "minVelocity": [
            1.0,
            -10.0,
            1.0
        ]
    }
}
