{
    "Death": {
        "Emit scale": [
            1.0,
            1.0,
            1.0
        ],
        "Particle EndAcce": [
            0.0,
            0.0,
            0.0
        ],
        "Particle EndRote": [
            0.0,
            0.0,
            0.0
        ],
        "Particle EndScale": [
            0.10000000149011612,
            0.10000000149011612,
            0.10000000149011612
        ],
        "Particle StartAcce": [
            0.0,
            0.0,
            0.0
        ],
        "Particle StartRote": [
            0.0,
            0.0,
            0.0
        ],
        "Particle StartScale": [
            1.0,
            1.0,
            1.0
        ],
        "count": 10,
        "emitFrequency": 0.10000000149011612,
        "isBillBoard": true,
        "isVisible": true,
        "lifeTimeMax": 3.0,
        "lifeTimeMin": 1.0,
        "maxVelocity": [
            1.0,
            1.0,
            1.0
        ],
        "minVelocity": [
            -1.0,
            -1.0,
            -1.0
        ]
    }
}
