{
    "death": {
        "Emit scale": [
            1.0,
            0.10000000149011612,
            1.0
        ],
        "Particle EndAcce": [
            0.009999999776482582,
            0.9900000095367432,
            0.009999999776482582
        ],
        "Particle EndRote": [
            0.7853981852531433,
            0.7853981852531433,
            0.7853981852531433
        ],
        "Particle EndScale": [
            0.0,
            0.0,
            0.0
        ],
        "Particle StartAcce": [
            1.1799999475479126,
            1.0,
            1.1799999475479126
        ],
        "Particle StartRote": [
            0.0,
            0.0,
            0.0
        ],
        "Particle StartScale": [
            1.0,
            1.0,
            1.0
        ],
        "count": 15,
        "emitFrequency": 0.10000000149011612,
        "isBillBoard": false,
        "isVisible": true,
        "lifeTimeMax": 2.0,
        "lifeTimeMin": 1.0,
        "maxVelocity": [
            2.0,
            2.0,
            2.0
        ],
        "minVelocity": [
            -2.0,
            1.0,
            -2.0
        ]
    }
}
