{
    "enemy": {
        "enemy0 pos": [
            -2.799999952316284,
            0.0,
            7.599999904632568
        ],
        "enemy1 pos": [
            3.5,
            0.0,
            7.800000190734863
        ],
        "enemy2 pos": [
            0.0,
            0.0,
            15.899999618530273
        ]
    }
}
