{
    "enemy": {
        "enemy0 pos": [
            -76.19999694824219,
            21.600000381469727,
            8.800000190734863
        ],
        "enemy1 pos": [
            -74.0,
            28.0,
            -14.100000381469727
        ],
        "enemy10 pos": [
            -39.5,
            8.0,
            30.299999237060547
        ],
        "enemy11 pos": [
            -12.300000190734863,
            11.300000190734863,
            -3.200000047683716
        ],
        "enemy12 pos": [
            -13.0,
            16.0,
            -3.4000000953674316
        ],
        "enemy13 pos": [
            -2.0999999046325684,
            25.799999237060547,
            -46.20000076293945
        ],
        "enemy14 pos": [
            -1.2999999523162842,
            32.70000076293945,
            -43.900001525878906
        ],
        "enemy15 pos": [
            37.0,
            -13.800000190734863,
            -3.4000000953674316
        ],
        "enemy16 pos": [
            37.29999923706055,
            -17.0,
            -1.5
        ],
        "enemy17 pos": [
            37.29999923706055,
            -11.300000190734863,
            -0.5
        ],
        "enemy18 pos": [
            93.4000015258789,
            33.599998474121094,
            -23.600000381469727
        ],
        "enemy19 pos": [
            106.9000015258789,
            22.0,
            -24.0
        ],
        "enemy2 pos": [
            -70.69999694824219,
            22.700000762939453,
            -7.199999809265137
        ],
        "enemy20 pos": [
            97.4000015258789,
            31.100000381469727,
            51.29999923706055
        ],
        "enemy21 pos": [
            103.19999694824219,
            24.100000381469727,
            52.400001525878906
        ],
        "enemy22 pos": [
            102.0999984741211,
            21.5,
            54.70000076293945
        ],
        "enemy23 pos": [
            64.30000305175781,
            37.79999923706055,
            20.799999237060547
        ],
        "enemy24 pos": [
            55.20000076293945,
            41.0,
            19.899999618530273
        ],
        "enemy25 pos": [
            -2.700000047683716,
            37.5,
            6.099999904632568
        ],
        "enemy26 pos": [
            -8.399999618530273,
            33.0,
            12.899999618530273
        ],
        "enemy27 pos": [
            -63.20000076293945,
            17.5,
            40.099998474121094
        ],
        "enemy28 pos": [
            -62.400001525878906,
            14.100000381469727,
            42.900001525878906
        ],
        "enemy29 pos": [
            -106.5999984741211,
            14.5,
            60.900001525878906
        ],
        "enemy3 pos": [
            -52.5,
            9.199999809265137,
            -0.30000001192092896
        ],
        "enemy30 pos": [
            -103.5,
            8.100000381469727,
            59.400001525878906
        ],
        "enemy31 pos": [
            -90.80000305175781,
            22.899999618530273,
            -22.399999618530273
        ],
        "enemy32 pos": [
            -87.0999984741211,
            14.699999809265137,
            -34.5
        ],
        "enemy4 pos": [
            -54.099998474121094,
            7.699999809265137,
            -3.9000000953674316
        ],
        "enemy5 pos": [
            -58.70000076293945,
            5.400000095367432,
            29.299999237060547
        ],
        "enemy6 pos": [
            -62.0,
            0.6000000238418579,
            31.600000381469727
        ],
        "enemy7 pos": [
            -50.400001525878906,
            -1.100000023841858,
            7.5
        ],
        "enemy8 pos": [
            -55.099998474121094,
            -0.8999999761581421,
            -0.5
        ],
        "enemy9 pos": [
            -41.5,
            4.599999904632568,
            28.399999618530273
        ]
    }
}
