{
    "enemy": {
        "enemy0 pos": [
            -7.199999809265137,
            0.0,
            -3.200000047683716
        ],
        "enemy1 pos": [
            3.5,
            0.0,
            7.800000190734863
        ],
        "enemy2 pos": [
            0.0,
            0.0,
            15.899999618530273
        ]
    }
}
