{
    "fall": {
        "Emit scale": [
            1.0,
            0.0,
            1.0
        ],
        "Particle EndAcce": [
            0.0,
            -0.029999999329447746,
            0.0
        ],
        "Particle EndRote": [
            3.1415927410125732,
            0.0,
            0.0
        ],
        "Particle EndScale": [
            0.0,
            0.0,
            0.0
        ],
        "Particle StartAcce": [
            0.0,
            0.0,
            0.0
        ],
        "Particle StartRote": [
            0.0,
            0.0,
            0.0
        ],
        "Particle StartScale": [
            1.2000000476837158,
            1.2000000476837158,
            1.2000000476837158
        ],
        "count": 6,
        "emitFrequency": 0.10000000149011612,
        "isBillBoard": false,
        "isRamdomColor": false,
        "isVisible": false,
        "lifeTimeMax": 1.0,
        "lifeTimeMin": 0.5,
        "maxVelocity": [
            3.0,
            2.5,
            2.0
        ],
        "minVelocity": [
            -3.0,
            1.0,
            -2.0
        ]
    }
}
