{
    "rail": {
        "ControlPointCount": 8,
        "controlPoint0": [
            -19.299999237060547,
            1.100000023841858,
            7.599999904632568
        ],
        "controlPoint1": [
            -3.0,
            -5.900000095367432,
            -2.4000000953674316
        ],
        "controlPoint2": [
            3.5999999046325684,
            11.199999809265137,
            18.700000762939453
        ],
        "controlPoint3": [
            9.5,
            14.600000381469727,
            34.900001525878906
        ],
        "controlPoint4": [
            13.399999618530273,
            0.0,
            16.100000381469727
        ],
        "controlPoint5": [
            18.5,
            0.0,
            0.0
        ],
        "controlPoint6": [
            33.29999923706055,
            -14.0,
            12.100000381469727
        ],
        "controlPoint7": [
            52.900001525878906,
            4.099999904632568,
            -12.199999809265137
        ]
    }
}
