{
    "rail": {
        "ControlPointCount": 52,
        "controlPoint0": [
            -100.0,
            0.0,
            0.0
        ],
        "controlPoint1": [
            -86.4000015258789,
            0.4000000059604645,
            0.0
        ],
        "controlPoint10": [
            -37.5,
            5.599999904632568,
            11.800000190734863
        ],
        "controlPoint11": [
            -36.79999923706055,
            2.0999999046325684,
            25.5
        ],
        "controlPoint12": [
            -23.700000762939453,
            7.400000095367432,
            14.199999809265137
        ],
        "controlPoint13": [
            -26.200000762939453,
            10.199999809265137,
            3.0
        ],
        "controlPoint14": [
            -15.399999618530273,
            11.300000190734863,
            -6.099999904632568
        ],
        "controlPoint15": [
            -17.700000762939453,
            12.199999809265137,
            -13.800000190734863
        ],
        "controlPoint16": [
            -15.199999809265137,
            14.800000190734863,
            -21.700000762939453
        ],
        "controlPoint17": [
            -9.100000381469727,
            13.399999618530273,
            -13.0
        ],
        "controlPoint18": [
            -0.699999988079071,
            10.800000190734863,
            0.8999999761581421
        ],
        "controlPoint19": [
            2.4000000953674316,
            -9.100000381469727,
            1.5
        ],
        "controlPoint2": [
            -74.69999694824219,
            15.899999618530273,
            0.0
        ],
        "controlPoint20": [
            20.5,
            -16.5,
            1.600000023841858
        ],
        "controlPoint21": [
            29.899999618530273,
            -16.100000381469727,
            18.799999237060547
        ],
        "controlPoint22": [
            46.79999923706055,
            13.699999809265137,
            -4.300000190734863
        ],
        "controlPoint23": [
            61.20000076293945,
            16.0,
            0.0
        ],
        "controlPoint24": [
            68.0,
            23.5,
            0.0
        ],
        "controlPoint25": [
            78.9000015258789,
            23.600000381469727,
            -7.0
        ],
        "controlPoint26": [
            84.0,
            25.399999618530273,
            3.4000000953674316
        ],
        "controlPoint27": [
            88.9000015258789,
            23.399999618530273,
            38.0
        ],
        "controlPoint28": [
            67.80000305175781,
            26.799999237060547,
            56.900001525878906
        ],
        "controlPoint29": [
            55.29999923706055,
            29.799999237060547,
            66.0999984741211
        ],
        "controlPoint3": [
            -63.5,
            12.600000381469727,
            0.0
        ],
        "controlPoint30": [
            36.70000076293945,
            27.799999237060547,
            83.5
        ],
        "controlPoint31": [
            41.29999923706055,
            29.399999618530273,
            55.70000076293945
        ],
        "controlPoint32": [
            56.099998474121094,
            30.799999237060547,
            19.200000762939453
        ],
        "controlPoint33": [
            54.20000076293945,
            31.899999618530273,
            8.899999618530273
        ],
        "controlPoint34": [
            41.0,
            31.399999618530273,
            -0.4000000059604645
        ],
        "controlPoint35": [
            26.299999237060547,
            30.0,
            3.799999952316284
        ],
        "controlPoint36": [
            18.399999618530273,
            29.600000381469727,
            6.900000095367432
        ],
        "controlPoint37": [
            10.899999618530273,
            27.399999618530273,
            17.700000762939453
        ],
        "controlPoint38": [
            -14.199999809265137,
            17.399999618530273,
            35.70000076293945
        ],
        "controlPoint39": [
            -18.5,
            7.800000190734863,
            52.099998474121094
        ],
        "controlPoint4": [
            -63.099998474121094,
            9.600000381469727,
            5.199999809265137
        ],
        "controlPoint40": [
            -45.400001525878906,
            9.199999809265137,
            39.0
        ],
        "controlPoint41": [
            -55.400001525878906,
            9.600000381469727,
            34.0
        ],
        "controlPoint42": [
            -70.5999984741211,
            9.899999618530273,
            26.700000762939453
        ],
        "controlPoint43": [
            -80.19999694824219,
            6.0,
            24.799999237060547
        ],
        "controlPoint44": [
            -84.0,
            5.900000095367432,
            27.299999237060547
        ],
        "controlPoint45": [
            -89.5,
            6.0,
            27.799999237060547
        ],
        "controlPoint46": [
            -91.80000305175781,
            6.900000095367432,
            22.5
        ],
        "controlPoint47": [
            -94.0999984741211,
            7.599999904632568,
            16.700000762939453
        ],
        "controlPoint48": [
            -99.0,
            8.199999809265137,
            12.0
        ],
        "controlPoint49": [
            -102.5999984741211,
            7.400000095367432,
            10.100000381469727
        ],
        "controlPoint5": [
            -62.29999923706055,
            3.4000000953674316,
            8.899999618530273
        ],
        "controlPoint50": [
            -104.19999694824219,
            7.099999904632568,
            9.0
        ],
        "controlPoint51": [
            -100.0,
            0.0,
            0.0
        ],
        "controlPoint6": [
            -54.29999923706055,
            -2.0999999046325684,
            4.800000190734863
        ],
        "controlPoint7": [
            -51.20000076293945,
            -0.30000001192092896,
            -1.899999976158142
        ],
        "controlPoint8": [
            -44.0,
            2.9000000953674316,
            -8.300000190734863
        ],
        "controlPoint9": [
            -34.79999923706055,
            3.700000047683716,
            1.899999976158142
        ]
    }
}
