{
    "rail": {
        "ControlPointCount": 14,
        "controlPoint0": [
            -19.299999237060547,
            1.100000023841858,
            7.599999904632568
        ],
        "controlPoint1": [
            -3.0,
            -5.900000095367432,
            -2.4000000953674316
        ],
        "controlPoint10": [
            54.29999923706055,
            16.200000762939453,
            3.299999952316284
        ],
        "controlPoint11": [
            54.79999923706055,
            7.900000095367432,
            -11.800000190734863
        ],
        "controlPoint12": [
            65.5,
            7.5,
            -15.899999618530273
        ],
        "controlPoint13": [
            82.30000305175781,
            6.5,
            -12.300000190734863
        ],
        "controlPoint2": [
            3.5999999046325684,
            11.199999809265137,
            18.700000762939453
        ],
        "controlPoint3": [
            9.5,
            14.600000381469727,
            34.900001525878906
        ],
        "controlPoint4": [
            13.399999618530273,
            0.0,
            16.100000381469727
        ],
        "controlPoint5": [
            18.5,
            0.0,
            0.0
        ],
        "controlPoint6": [
            33.29999923706055,
            21.799999237060547,
            12.100000381469727
        ],
        "controlPoint7": [
            52.900001525878906,
            4.099999904632568,
            -12.199999809265137
        ],
        "controlPoint8": [
            66.5,
            6.599999904632568,
            0.0
        ],
        "controlPoint9": [
            63.79999923706055,
            16.600000381469727,
            -4.0
        ]
    }
}
