{
    "starrySky_right": {
        "AllScale Max": [
            0.5,
            0.5,
            0.5
        ],
        "AllScale Min": [
            0.10000000149011612,
            0.10000000149011612,
            0.10000000149011612
        ],
        "Emit rotation": [
            0.0,
            1.5707963705062866,
            0.0
        ],
        "Emit scale": [
            120.0,
            80.0,
            0.0
        ],
        "Emit translation": [
            -76.0,
            0.0,
            -33.0
        ],
        "Particle EndAcce": [
            1.0,
            1.0,
            1.0
        ],
        "Particle EndRote": [
            0.0,
            1.5707963705062866,
            0.0
        ],
        "Particle EndScale": [
            0.0,
            0.0,
            0.0
        ],
        "Particle StartAcce": [
            1.0,
            1.0,
            1.0
        ],
        "Particle StartRote": [
            0.0,
            1.5707963705062866,
            0.0
        ],
        "Particle StartScale": [
            1.0,
            1.0,
            1.0
        ],
        "RotationVelo Max": [
            0.0,
            0.0,
            0.0
        ],
        "RotationVelo Min": [
            0.0,
            0.0,
            0.0
        ],
        "Scale Max": 0.5,
        "Scale Min": 0.10000000149011612,
        "alphaMax": 0.6000000238418579,
        "alphaMin": 0.30000001192092896,
        "count": 1,
        "emitFrequency": 0.10000000149011612,
        "isAcceMultiply": true,
        "isAllRamdomScale": false,
        "isBillBoard": false,
        "isRamdomColor": false,
        "isRandomRotate": false,
        "isRandomScale": true,
        "isVisible": true,
        "lifeTimeMax": 4.5,
        "lifeTimeMin": 3.5,
        "maxVelocity": [
            1.0,
            1.0,
            1.0
        ],
        "minVelocity": [
            -1.0,
            -1.0,
            -1.0
        ]
    }
}
